{
    "LinearRegression": {
        "RMSE": 0.7455813830127762,
        "MAE": 0.5332001304956565,
        "R2": 0.575787706032451
    },
    "DecisionTree": {
        "RMSE": 0.7030445773467542,
        "MAE": 0.4537843265503876,
        "R2": 0.6228111330554302
    },
    "NeuralNetwork": {
        "RMSE": 0.5072218293125931,
        "MAE": 0.3387485704888966,
        "R2": 0.8036689396950109
    },
    "XGBoost": {
        "RMSE": 0.4717943691423984,
        "MAE": 0.30957335413783094,
        "R2": 0.8301370561019205
    },
    "Ridge": {
        "RMSE": 0.7455542909384607,
        "MAE": 0.5331933646313114,
        "R2": 0.5758185345441323
    }
}